-6BC175BE72,1
526091B218,1
-6450462254,1
6DF260C224,1
-4AF2B1BA83,1
113261CB52,1
-1A842EEF65,1
2DF12C2516,1
-3932281735,1
-243F72962,1
6FCE1B7A07,1
17CA54A955,1
-65108F6C94,1
395C53219,1
71CF83D730,1
-58B838A00,1
1293CC420,1
43B686ED62,1
4C5872D382,1
-1F496F2063,1
4410278634,1
-2B3EB6C834,1
3DBFFCE134,1
6817446F81,1
34C0DFCB95,1
-22754BFE24,1
7060B9DC11,1
228B367581,1
7E3810951,1
-48F08E2043,1
6C5B3F6193,1
526D4AE978,1
7B5EA29885,1
-27055EF726,1
18049C7D27,1
629ABAD246,1
5B19C89C47,1
4BD82EE554,1
-746DF84E74,1
757C417545,1
-40F5F3C609,1
675BEB7200,1
224E3EC693,1
795AAB4565,1
-600A809E10,1
-71D1F13F89,1
-4380F48D53,1
7255646899,1
6FB9EF8447,1
-5AFA722E12,1
-7B1E18AF08,1
-F8236A287,1
-346265AA38,1
16E21D5526,1
-7D2FFEA085,1
-22397D3245,1
-7D38B8087,1
507A502459,1
318CAE3510,1
44391C5136,1
-2A72C56C90,1
15CD0EBE54,1
-FFC273D96,1
-25AED9FA33,1
623ACBC366,1
5B0815F192,1
3E03C20031,1
60632D543,1
-4F90C7B239,1
1F7AB5FC56,1
-3853CA6080,1
-7932DD2770,1
6020B8692,1
4548245682,1
3F7CEA0206,1
-3B25EBDA88,1
-7E46C62528,1
1189FD804,1
485A8EC601,1
-7914CDDA72,1
-42F1E4F267,1
3A6FB43C40,1
-3E20A32706,1
778EE51D35,1
-5A30C5D164,1
-627799AA51,1
2B4A08C536,1
59A274E674,1
-213E8DFF59,1
-11CC887441,1
-5215D7373,1
3A69A96027,1
303D538079,1
-31B3A6BC38,1
525FE81940,1
6889D6FC03,1
74198AA33,1
-2DA2971078,1
422A476A17,1
-1F35FFA471,1
-5DFA6EB685,1
5A15EAEC11,1
-48903D9F65,1
224CD5A691,1
-4A438DCD22,1
-59BE6BE764,1
-19CC424778,1
60D5E56243,1
-61993F4370,1
-64ECA5FC88,1
6DF7B70E86,1
-1455EF6208,1
-2A7FC7648,1
7166B58C88,1
77D879FB93,1
5A162915,1
14D7194289,1
60D5453335,1
52C0A85303,1
-6C87A11519,1
6808543D62,1
-48867DF770,1
-D42CD1815,1
29A9298C57,1
-47E4053D94,1
2D06F63696,1
-45B2483745,1
5DC4585195,1
6A82E79408,1
48C1D13C65,1
315D56D611,1
27DB948896,1
67ABE11498,1
-5990552993,1
DBE290978,1
-BECAFEA82,1
-110222ED19,1
-254B654B87,1
-66D1523E11,1
-711C513085,1
-4A9C66F575,1
795C163524,1
2AB68FCE79,1
-7E97FC6860,1
-3413E5AC58,1
-2F614E814,1
-4917BE7341,1
-A97EBC503,1
-3F4B0FBE91,1
-21A126155,1
-6B179D2622,1
-542466A869,1
-A2E0FA583,1
7C43FCF891,1
-7C3BCED935,1
722F7CA068,1
1A72831455,1
12ED1CD48,1
13D9419137,1
-69E7C45545,1
3F7177C914,1
-2283F54626,1
-740B0A8326,1
139A793661,1
-6077732B89,1
-50A6137904,1
-13F2B35640,1
-75461BAD48,1
-83CD60828,1
-7D69CCD29,1
-43C1846D05,1
-2B1AF45765,1
-31D1EB9F86,1
1D40FF9657,1
-2B39F0D790,1
-4696330D73,1
26946BD635,1
-3A5AAF0E93,1
-3E0A038C80,1
-1D9F3E2863,1
-1D9B5A7319,1
-26AF599C66,1
1FBA5BB603,1
326326AA96,1
-6B5852C826,1
-3CEFDF586,1
EA0C58A23,1
7580D35D54,1
-4B3E3C7331,1
-6420F3F34,1
-2BFBC90380,1
-7C8C64ED75,1
6EF4383022,1
4BC6213289,1
53E98A5255,1
46D0319303,1
-266597A531,1
2482AB6406,1
-47A7432432,2
6504128E37,2
-2ABEAB7D40,2
-2DB1BE1594,2
-5E32894914,2
48D2D5B467,2
-D62395199,2
-7F36FF5608,2
61ADA5CF58,2
9E0E1BF27,2
70AF519834,2
5E95F4C82,2
3386961242,2
-4FFCFD1B43,2
374D970606,2
710A29582,2
-570663B742,2
3CD7833025,2
-2BBB573E27,2
-45555DAE97,2
107E234245,2
7397D6FD06,2
765CF0AF70,2
-3D55B9C914,2
5C2E82306,2
4A16BC6049,2
-288FB1952,2
-3A6EC4D333,2
-1A91BC1B04,2
-3851B30D35,2
57D1E48301,2
-654C098D85,2
-245A4EBB78,2
-2C9E322C04,2
-77C2EDE942,2
575CDABE85,2
1D1B1F6839,2
-60B831F477,2
-517BB77327,2
-1589C4E311,2
3AAD9D6888,2
29382F5889,2
2273D84D44,2
-7C9AB4AD18,2
-FA9461004,2
42B3C8113,2
5B73293B38,2
4C224F4189,2
16BA308872,2
-49A9551A31,2
-986CA9D61,2
-55DD3C4E46,2
3E76401F76,2
-79DE7FA749,2
70C8F95950,2
-6CA34F5B11,2
175CAEE79,2
79212FBF47,2
-2BC300D062,2
-391902AD90,2
4C46249394,2
-45996B4476,2
2A690E5703,2
E3A27D008,2
D407A7B79,2
10D0A34D99,2
-215F64E538,2
-50D8A4F427,2
B844CE131,2
74FF0ED475,2
-328ACA5771,2
-29D3E84094,2
15B6E47057,2
4C36E75D10,2
63D407C778,2
-4789BC4829,2
3CC76EF868,2
-4FDD7A1135,2
4A64C37E12,2
5575D9A902,2
3BB0C06E29,2
-7A30811211,2
-2F98982B74,2
-3D58927378,2
4AC90DE590,2
-2F14756529,2
-7A07A0F882,2
36F068E359,2
-6D2D7B2D00,2
-4D45779C75,2
-2D9403B630,2
-59627C9598,2
140316C882,2
72BFCB0C95,2
60E8AC8288,2
13F6071653,2
169AFCF278,2
-3A1CA89D46,2
-6AF02E1690,2
-7D39CC4C35,2
-6077D5DA32,2
-635B24DE64,2
-10251D4579,2
-66DAD2E626,2
6BB8D63817,2
A79FF9314,2
-2BB86EC065,2
-6A08E1E257,2
22EB355863,2
-32E58DB976,2
-21DA2FD248,2
44EF079440,2
20532E0694,2
-32AF84F294,2
67665ACD27,2
-691CFDAC77,2
104CFE0176,2
2994E7A851,2
1CD024BA05,2
-2A54A95822,2
-5F281E9076,2
5A5DF0495,2
2A17127367,2
-7047CFBC93,2
65E1C83907,2
1BDFB95095,3
-7AD8B4DA57,3
-53E0DD3972,3
4C38BFF399,3
54ACF99A04,3
-D17E9C952,3
-D19240014,3
56D1BFE944,3
-4EC227FB42,3
6A40DA2681,3
-500D3C4C24,3
7A39978759,3
1330E37A94,3
103F9B7492,3
47B1130618,3
2298E17989,3
-5E68F4BF39,3
-5FB642C878,3
-40CE8FAD04,3
2BAE759E36,3
-75545F3979,3
709D85AF07,3
2D57EF531,3
-6B6563B782,3
-38290E5300,3
6E83578A14,3
13DDF93B94,3
D1E30FE52,3
-68E55F9977,3
4D19838E67,3
6179190916,3
C73701058,3
6990568310,3
638370286,3
1298CDA455,3
-73D7777419,3
545AC03617,3
3140768620,3
6EF7564410,3
1476B29067,3
-4CEE4C6B10,3
14B5344476,3
73D1F43201,3
-7FA61A8A61,3
-D8F5CC287,3
-1AE32C8145,3
-38DC2BE359,3
5A66357C75,3
202B66F08,3
-2470DA3893,3
-40F6C62E11,3
38E211F691,3
-6968D3E929,3
662E64C196,3
-7A9BB2603,3
31B3FF6D31,3
16FD008A95,3
1604437511,3
109C11AA28,3
13888DA530,3
1AC1936D81,3
1AD9D55E21,3
534922D142,3
41279D9421,3
-34F2A91F84,3
-4AE0779882,3
205A589E58,3
-2B31ABF334,3
20BCFDF286,3
40A6E0C636,3
-65BB700296,3
-A7D1FFE57,3
-64E9AA9D00,3
-4F7171AA55,3
6B83256C37,3
-15FFCEBC48,3
-3ADA9F8E62,3
-43BF6D1A60,3
4C0A1D2451,3
2A971DBE73,3
745118A732,3
1726D44171,3
-19C4D15821,3
-693114F148,3
2110B4F48,3
-685444DF58,3
EEB90BC51,3
-41FFC04A50,3
-3C90F61234,3
4BD10A874,3
7F22585F54,3
-19D190A917,3
-11A65E4F52,3
-377D7277,3
7563FFD493,3
6A4F077416,3
13BC661E75,3
2695C87F95,3
52EA83A492,3
-6F33BE2C90,3
-2072AF8441,3
-20DE9D2096,3
C2F692723,3
-276E8EB442,3
-292C403917,3
508C000596,3
2657098E89,3
2CD2EED487,3
DAD329521,3
30CC93D414,3
7304743749,3
-4820D3DA80,3
-B6B303851,3
607ED01F54,3
3EEBD73226,3
2CF4D6DF72,3
-4707B5B200,3
-B04D1452,3
5CE16D8F70,3
1DFA7B2020,3
7629C39F60,4
8C544B866,4
5703CF0D60,4
CAB8EED16,4
-4BB960E800,4
5021208143,4
41D9160478,4
5EA5E4EA91,4
67B1607234,4
-5B1D3F8255,4
7D86F67100,4
-39C100DF86,4
-5E667D186,4
-63DDEAB823,4
49ED293696,4
79A6D01381,4
-7E5D64C615,4
-55FDB51F07,4
-5E4AE87F69,4
513F674976,4
-5E8ADAFA11,4
-3C26022064,4
-103E3FA296,4
-5EDCF1A900,4
6E6E34EA77,4
-24A9EE3261,4
6EEE8BB979,4
-7D6FF90526,4
-684DB76986,4
-7060B97632,4
-B84F5D188,4
48335B6627,4
-60122C0088,4
587803B584,4
-5519156918,4
D35341E79,4
5AC62C7556,4
34ED084843,4
-28EA7C7F05,4
-309C163923,4
21A1C8146,4
-4C1D455005,4
1A3E4FD654,4
63F6E4AC83,4
-49648CDA47,4
-2AE2F35276,4
D83D68E21,4
3FAFC88148,4
-C56957432,4
-D68B6B027,4
-50E9BA7D08,4
-3A7F61BF17,4
-17E7CB0847,4
6D1C86EF43,4
19D9109556,4
6FD7A71965,4
-7AFF9C0C52,4
2650E57404,4
594AD8BF83,4
25BBC14319,4
-96A504C69,4
-5CCC704B62,4
59321F6E55,4
2AEF602E16,4
27EA651211,4
-14AC358D91,4
-797621BF77,4
-553C203D10,4
44CAE53E70,4
-6DE3EBD463,4
-3BD0148301,4
45499ED789,4
-D44E63B03,4
29BEC0198,4
5F06D4914,4
-1A91518262,4
-C5A664850,4
1DC5C40B89,4
2882086591,4
71BB326276,4
-4ADCA3B736,4
-2EDA90D302,4
-2201407D50,4
4D4F913214,4
503B71DB37,4
-6D0A7D2078,4
-600A41E176,4
-681ED76A97,4
-658F2CFD65,4
523B49C907,4
45B4E2DA56,4
155E328A27,4
-3859B14A58,4
-231B90AF47,4
-7D9D622308,4
-64E4A2E294,5
3FFC068D36,5
4568E81875,5
-42CF41ED35,5
79722D5F93,5
-6B0A40B362,5
2D2648157,5
5C278D8693,5
-42F47A0226,5
4BFE7D241,5
-187ADFD016,5
-1923F54104,5
53CE09FB50,5
-4AD5680E17,5
31D79C1C14,5
6312B1F229,5
-149E953D80,5
-50C00E5879,5
-A2D4B4136,5
3C487E8C84,5
6AB5D8F424,5
205687CA76,5
5B3728D54,5
-6B793ABF88,5
-532EF3937,5
388633B574,5
-43F017F95,5
-23A97B0786,5
-4390689604,5
46726CB852,5
3C69A71045,5
-1432A7628,5
440DCC5630,5
1F31680819,5
241A65C89,5
-4DE5161F90,5
123ECCD656,5
338837D566,5
4A4B21D740,5
-54BB1CC862,5
26EA810577,5
-1436934068,5
-EE089F311,5
-77517C5598,5
67D1ED6162,5
-31F2A7BA40,5
-3CE3749083,5
3DAC470113,5
46F8E58E28,5
12E7A24D87,5
1557603D89,5
-1216941F37,5
3EEFD2A585,5
-782F399A15,5
-6BA82A9275,5
-41370A8A59,5
36F47B8179,5
39C4354791,5
-6D43C1D325,5
1C8C789626,5
2C4D71242,5
5A150A3080,5
-7D0D22F875,5
-3054C6ED35,5
-3B032AFD03,5
205BA26644,5
2C7A1D4653,5
-5137056443,5
2294738371,6
34FD2A8445,6
-2089672010,6
2C1F37133,6
410842AF76,6
1202809003,6
-69BF167426,6
38B4254497,6
-2B8A05D176,6
-285956CE59,6
74BB33C732,6
-6D80F66F28,6
5A2B104932,6
-2C4B50FF12,6
3D5BADE081,6
359ADF1D70,6
37B0A25917,6
16D05F7044,6
-65D25E7100,6
1518575590,6
-326F70FF13,6
596AAAB428,6
31CD412230,6
663E15A023,6
-2465CDBB56,6
-51E82AB695,6
-3ED14AFF90,6
-21800E1F66,6
-6EB3742462,6
6D2283C711,6
-4EC3FF1122,6
-3C9FB89864,6
4A7C698A31,6
4C8DB73647,6
3EA8F27F72,6
492A9C7A35,6
-C2205A146,6
88F034E26,6
38BCEF8C74,6
7664E0E802,6
-1579205074,6
3B2CE44F41,6
-43BDB39987,6
-188F943751,6
2EFE588701,6
C86470405,6
-2DBA41F930,6
-73F9596578,6
-575131F642,6
C37853C47,6
F9A4D1D04,6
-359BD51184,6
6EDC922403,6
-3BB8EEFE16,6
-31108C5339,6
1E086B3E92,6
39E921D804,6
4A13D8BF40,6
-1E70E2045,6
-1AD03CC66,6
57D8D38202,6
-50A371A275,6
-5D0F9EB269,6
-552B4FA80,6
-5FD0C9B834,6
40E9B47F04,6
39E80DA668,6
-F0E250757,7
-6B893DE648,7
228C31AC99,7
-2FC0FF6560,7
405555D856,7
-2B14C3B926,7
-6207F12832,7
-4CFD24DF94,7
-6F97412237,7
-E5DA5FE53,7
68530B5101,7
3323247060,7
5E81CAC176,7
-7FBAD69849,7
-597B9EF215,7
-3565B48C05,7
-7297F6D484,7
64A4C6BB37,7
1084946D29,7
-5596D07B43,7
302F080A09,7
-3AF62B1F30,7
4A12C5CA19,7
-7784CA4A69,7
-33952D9308,7
20C0F79588,7
-7281C9BC99,7
-5514B5C703,7
686061AA97,7
187CC59346,7
-3D94644C85,7
55C3BE1289,7
40126B0B58,7
7411148815,7
-7BFA196624,7
F34C9FF57,7
48DC46CB04,7
38AF0DB501,7
-52E1446098,7
-772EAF0155,7
-3696063D25,7
55EED83491,7
23847BFB70,7
44F1A30E13,7
59A1A0AE19,7
-576BB8E698,7
388A1C4759,7
-27C1054892,7
19E5A8A443,7
400A7DDF98,7
-434CC62C25,7
4A4F6BDB67,7
122F543332,7
2928EC0861,7
-3D46057632,7
-4F39DD0E51,7
16D0D9DD04,7
-49373ECA36,7
-2D1FE63700,8
19B018BD82,8
-C005F6093,8
-7F7BA09755,8
2F9F6CAE64,8
E85980E73,8
20D3D8838,8
-6040D9C667,8
29A9C6AE93,8
64886C1233,8
-624ABFED24,8
-2CCDBF2155,8
-11807E7182,8
-4FCE81F555,8
-7CB1E3A999,8
6645673750,8
-4064340027,8
5FF4F10E54,8
4B2934902,8
-A73EA9700,8
-301ACA21,8
6E2B551452,8
BD72CD124,8
EA6E34710,8
1F01590C97,8
5F2B015A61,8
4DDD66D944,8
718C299445,8
-74A0627A48,8
-35E546A744,8
-7E980DBC89,8
-4B1F886A82,8
1444B95A97,8
458A7D4805,8
-7198CF4166,8
58C5FF9920,8
F9AD89B81,8
-1BE4FA8517,8
-50C17DE245,8
-403B82CF34,9
-2BE5376C09,9
71F9334C27,9
1C4B682F74,9
-5AA4EF2A91,9
-303107CC40,9
6CC483E50,9
-1D16EF8610,9
6228A95F70,9
3D28E54F85,9
-4E49CCAC51,9
BC8AC1592,9
-6FEE965F67,9
2F7987F305,9
-31C2BFBD99,9
-21F25D1239,9
385964EF74,9
-7528383C58,9
5AA0E4DC33,9
-64BA7105,9
-464593C82,9
-6FBC9EF980,9
3F92112F84,9
28F69E057,9
-7711D4CB02,9
7910B0AB78,9
4B35D28308,9
59B9BB0D54,9
-2D13B96B56,9
-2D9F342576,9
-32CB03BC92,9
2F0C87971,9
-74532AB785,9
6EBDFD3014,9
241E9CF076,9
-83A5E8010,9
-3138D7D16,10
-6BE06D6126,10
-1469521730,10
26E9A9C050,10
3CFD231474,10
-791C568726,10
1E524CDD61,10
-5D0735C79,10
413CE25692,10
20A065C931,10
34248CB859,10
34029FD045,10
-7B04091F64,10
56CFDA8C25,10
-4F10D73270,10
566FB5E795,10
-518499BC93,10
5F250C6C94,10
-48BAD6F721,10
36A7F15E53,10
-336C95F055,10
-7F91711A53,10
-69997B6D46,10
78CB6AF130,10
-2662F79E45,10
-6BAA5CB045,10
5C2DC43E98,10
30BBA54A58,10
4D03DBDA85,10
-6204C51065,10
-5B506AC202,10
-215B458088,10
6637D6BB63,10
-543E599D45,10
-5777396607,10
3F09C28D37,10
-5663DFC393,10
314C4A7408,10
453F32CC88,10
-18BFFCBB88,10
5ADB344A18,10
-251E43A62,10
62D303FE93,11
-2E09395722,11
-16F8C5B127,11
-5E617D6614,11
527813CC46,11
5092807140,11
248ABB4542,11
60CE453A48,11
6CF45B6523,11
9600F4650,11
6CB1A93B47,11
-79AC485E12,11
626B35C798,11
467BA6B970,11
1180304693,11
6FB6CB5615,11
7F5FB8D743,11
-1B16A95F52,11
-357162B865,11
107D769C95,11
-2B57931176,11
3FD5EF9987,11
7E02AB8491,11
-1F2DC78785,11
6871711972,11
-3EDED51E01,11
30A2620856,11
-D89291720,11
57FB603205,11
-10F9825746,12
-17259B2441,12
48050A3519,12
1476156E31,12
1484E64834,12
-31D4064205,12
5D7CB45A71,12
-27FBF4A253,12
-331E9FE301,12
-6313FC9113,12
6BB750C037,12
456AF02A70,12
-835669902,12
73F6F26773,12
-38C83EED99,12
-24CD940862,12
-35F5F4F423,12
-1E96FCB623,12
2AED4EF505,12
358FD5AD79,12
-12ED80E735,12
7DB4EB0D95,12
-332D9B0C09,12
45F00FA712,12
-6721FFCD02,12
-7A597BF765,12
-5D81892656,12
30D6BFE534,12
-592A7D6052,12
4B1051F775,13
6B41718651,13
-21FE243981,13
-7EBCF8CD45,13
-50EA83BE26,13
-6CB7F09E74,13
62A1614392,13
C81DC6B47,13
6C3AAF2239,13
-32DBD5FB80,13
-3C39EA8965,13
-4685BEF069,13
-26FBB0F372,13
75473EDC18,13
290426299,13
-7559CE8099,13
7EFDA8BB50,13
-27FCAFDF16,13
D96123089,13
2D336B7455,13
7934B1D975,13
-72090E7B81,13
-3489862938,13
4583787289,13
4928BD3760,13
-18A02F5392,13
74EB449311,13
-160131C290,13
5D5A660015,13
-7BCFF41E06,13
2261B8F620,13
-361D6A6157,13
-565A316F27,13
-6C7B5AA466,13
-18ADC94601,14
-636F28FF63,14
-550C02AA19,14
-67CA999465,14
4D70B9B675,14
329F04B777,14
-4202AC122,14
-59608C4190,14
-2376124790,14
-1B82F08366,14
-22C0B45260,14
-33F2F70882,14
9AFC7B885,14
-6563726929,14
-65015D7051,14
BCD268252,14
-7F1420A170,14
274171C333,14
-7F7BF23515,14
1B0495F882,14
553BD5E11,14
28CB5F8044,14
29939DE065,14
3F6C506616,14
6FB0A2A255,14
-77B04C3B27,14
-19DF2A4C14,14
-2914955065,14
-2ABE292601,14
-4D8B5DC865,14
4F365E8104,14
-628D89D545,14
7B4365DB75,14
67FCBDCF25,14
-53A975F907,14
56AF21C105,14
-1C975EEB02,14
-4A0EA73C59,14
793B168083,14
6DECA2A722,14
3B2448F028,14
5A0B0D9B66,14
2F7FE16086,15
-6372ACCF46,15
3392621629,15
-35CB797420,15
-6443E05917,15
4B054A5741,15
-2A9B69D613,15
1D4AB89176,15
46AB5C2D51,15
-1773E71968,15
77BCAFAD95,15
-2AD130D333,15
-47A091BC51,15
62F93C2749,15
-362C37DE14,15
-42629CB403,15
-7A64DA1262,15
1C024FD187,15
4421F9D993,15
7A25C55C94,15
-6FDD4D1079,15
3873C61D70,15
441564D778,15
-2947400916,15
-3D3066E998,15
68DB539650,15
-4C9E40DB54,15
-78DE260A14,15
1B5CB47634,15
-6CADB54C54,15
-7BD5929108,15
25171C8509,15
-D6FFAA36,15
-700D7CF138,16
-16D9BE3A75,16
-68BB9D4348,16
-5058E05066,16
2C1263D720,16
9C03A0524,16
27E8E12734,16
74E43CB023,16
133586B674,16
-4F328B7778,16
-6310FE2597,16
6229C57B07,16
-66FF5CC870,16
23AD590869,16
-DEA1D1764,16
-3DBCC39C72,16
-66EB0B5324,16
-FE4E9FA14,16
4BE9078164,16
-67975CB077,16
-6D45C0370,16
47C69E6F56,16
-6E0172B066,16
-2BDE860428,16
-1866FC0140,16
33C3454A06,16
72421E592,16
-44D6EF9920,17
4DE12FC325,17
7C4EDBC905,17
64C6E28C15,17
-5A61900A05,17
6B4F1E0A28,17
214C707F11,17
-508BDFB405,17
29A656FC65,17
-6817AB9576,17
54DD29BE99,17
5B7AEA4852,17
-20EDD70638,17
19CF35780,17
-5DC7854000,17
-349DD79E84,17
565DA97145,17
-4B95DA2737,17
155B7DD282,17
63495F7596,17
740722EA74,18
1F57ACF805,18
75BEB36286,18
-76D307D653,18
-4D789498,18
-6049AA6B92,18
616EEB7827,18
-362F79E435,18
7A8FBF9775,18
6CFB0CCD42,18
6E11297C06,18
-E84E14878,18
-5B874C9E00,18
-30ECBBDE15,18
-6026380B86,18
-CAC6EF384,18
-489D2A9C12,18
1B4657E213,18
E3E620033,18
5F69D63913,18
-2CF66E8205,18
3088286C65,18
-E0BD5F697,18
-21C3575198,18
1E2D569290,18
23D2800C61,18
-7E23479110,18
340681B544,18
-1EDAC1D526,18
34898B6C34,19
-50BD27AA60,19
1B5A7A6E03,19
6C38206F96,19
-5174480401,19
-515035C515,19
-393C684626,19
-35FBF7E611,19
711235EC82,19
-4632763763,19
-42C85FCC75,19
-1E85BF9B47,19
ABA40E294,19
3502226B37,19
7C405E5D99,19
-5AC5DBFE24,19
201CA47518,19
92CDBD942,19
-75A5C3C97,19
276E8C0D29,19
-1F8EFD5191,19
-763430C413,19
-61F44F819,20
-2355D09976,20
36BA6C5029,20
-689B0B7705,20
-268E4BE352,20
6C2410C480,20
3EFF30C088,20
6F404BED21,20
676570A726,20
3E9E37E303,20
656B75E920,20
-7335602C01,20
-1ACCA0C184,20
76FFEA3352,20
7D06EB2694,20
3BC2735C38,20
-5EC6B4BD17,20
43F05A6E18,20
4E9607473,20
71713FB290,20
330798DF28,20
-3D96F4CF85,20
321AE07153,20
4A79D95719,20
-61EFC3E841,20
53D0EF2962,20
48F2191E63,21
-5B07671558,21
-FEC161281,21
-76661F0316,21
-71CE9F6570,21
B724D3211,21
2104730046,21
-6B6210A078,21
-20DE825571,21
-5B80F4BE78,21
-3EE2F79079,21
69192BB181,21
49F7488086,21
392CBAC331,21
-46EF519F74,21
-27CD973D49,21
-DF6C4FA75,21
164281DF13,21
-16F96C3D21,21
-2C45EC6C73,21
-4FCEEE5E40,21
-30A2DBA82,21
-306358BA86,21
5E2B81CC41,21
-279E1D2924,22
-76A0E75E40,22
1FD54D8259,22
221D06E704,22
-151AFE9D92,22
-7087757646,22
-7E8BF3133,22
-5D8F538232,22
-48E7CB7F73,22
-3943A8CC16,22
1D13612543,22
5652503371,22
5367DF1482,22
79B4E2E629,22
-3FC709A890,22
-518A5DF147,22
-5D46156267,22
3867C96062,22
-3D15D85F55,22
-67C05AA259,22
-344B756B91,22
4BD95AD593,22
-68EB29E887,22
4FD0081622,22
-7EEE7E573,22
-26F5C52C23,22
-5BF44B5F91,22
-6535B67002,22
-3272872926,22
-264C6C2130,22
-130B1E705,22
-554EFBCB88,22
-6B149EBA06,23
-33B3DEDF41,23
2B6D9DDA06,23
5537469488,23
-315A8ED751,23
453C665640,23
56B8DC4927,23
-1CCDDA3525,23
-10C5C55343,23
-44EA555B70,23
-66AED37B00,23
5A37AD3548,23
72D18DCE06,23
-75C23B5999,23
3C30E1A781,23
5171FBD125,23
7244958647,23
-33D1919752,23
41EBB4A591,23
6F223D293,24
2F4B935710,24
4B6458FA78,24
1B8384145,24
60D7E6C752,24
54DF76A704,24
2BD023C984,24
61A11BC416,24
-4F5324DD08,24
-12B4AEB729,24
5A5582A213,24
768739E943,24
-7728A25525,24
443D887797,24
4657E92568,24
-19118E0610,24
-4964A8813,24
1EF3ABF578,24
3DF4A8FF92,24
6E9821DF25,24
C1983F390,25
2A23C24057,25
-53E73E4078,25
3202489886,25
4149F03864,25
-482EE1D061,25
-43CB294A75,25
-76AB509F57,25
BB5FDF065,25
-BE6DEB59,25
E3AB51E42,25
317B228918,25
-3253D15034,25
6DD7DD2F40,25
F6D6E8302,25
-609BEBB904,26
38FB744D55,26
-9E5D94024,26
-4A91785091,26
1AB68EDA19,26
15427E2A75,26
-5171A01316,26
-4D6FE82551,26
2CF518EC64,26
-15B4E0D552,26
34DE102C23,26
4FE7B17F01,26
21FC3FD585,27
3F550D4C08,27
2C8E0A3C93,27
290AF5B677,27
12557C8886,27
-6FC9485C22,27
-27E9D71B20,27
-4584459785,27
44F7626630,27
-33958BF838,27
-4EC2A12B97,27
-BACB4F283,27
58DA7D2D20,27
-31962C353,27
2B412D775,27
2DFB535907,27
6838E14658,27
79AE689429,27
53832A1891,27
6CF0944B99,27
12DAF8EA29,27
-4583D7AE69,28
-1AB9CEAA02,28
-274CFB5415,28
-7A33F3D111,28
-61B18F3885,28
36E64FB313,28
6BC9297094,28
-27C7AB7600,28
-2695C33C77,28
-7DF17B5D04,28
-74D911F530,28
-4108149D16,28
-5A3D9FED85,28
61FE828A85,28
24CE2EC699,28
-667328E476,28
4CD8249647,28
-2A2FCA541,28
-5B1B69F972,28
-13372B2073,28
-2EDD210690,28
-4459C1D561,28
51E5207C76,28
3B57215526,29
-231DF72682,29
-34BA793159,29
-4896B7F165,29
-183057E837,29
67B33C1595,29
-5C57796704,29
-550BED0C77,29
-278386B582,29
-1CD1774336,29
-538B40EA57,29
553F43176,29
5D74EFFD31,29
1961424493,29
2B4F919A76,29
-44E6AD5632,29
-4AE517C774,29
6177CDC161,29
-62F3F02937,30
-248BD52B21,30
2372857366,30
-EC3A0F807,30
DFEC6AA17,30
3C5A4F5240,30
-5F7867A081,30
6499CD1F48,30
27A7D3CD54,30
-14698F9779,30
-107BCAB930,30
59ED57D605,30
45353F5E90,30
-63B9C3C868,30
-29EBA74757,30
E693D6569,30
-51543A5F40,30
6BC92C7D66,30
258D2B3B01,30
30409BA002,30
-7CDF173131,31
20CA6D034,31
4CF3099B73,31
-6620C22424,31
-64853DC400,31
2CBBACF794,31
-63D9FF1980,31
-7B582DFA14,31
-218720F905,31
23C7FC0003,31
-4B38C3C281,31
3A92A27516,31
-58A3383C82,31
286ADCC632,31
14855C1B19,31
-3EFE8E1874,31
-7D0FAD6119,31
260E19930,32
4832E28670,32
-70AAD4128,32
28606BDE02,32
57F998AD33,32
3333B31577,32
43ADCB642,32
2B57750C78,32
-2CFE6CBF28,32
661EE9F430,32
55B4E0C144,32
2465B21997,32
5C45660030,32
-31FCA14298,32
-42B4A69C22,32
3F8DDA5C19,32
-38C0667228,32
-68A52DCE43,32
16C33FEA13,33
791B50BF26,33
-CEE050145,33
493635F544,33
862911D39,33
-3288D0DC79,33
4A1D99A460,33
-138E20BB88,33
-134FD2CD04,33
23AFE98B69,33
5499F4FA08,33
4D7575ED73,33
4D5F53CC31,33
64D8340882,33
-7A8C163291,34
-42E7209C94,34
-768F817484,34
-78D78E4742,34
7CA9893D54,34
-19A6D62934,34
4CE9003F29,34
49A7C56147,34
-6211B0D027,34
-5E29080E41,34
713B41E245,34
-7EBE769E12,34
-1D25CC638,34
E1EFDB118,34
-23FB9FBA30,35
4B6705C822,35
-6DDABF206,35
-4D7378FF50,35
-1637A21586,35
73B09FD248,35
2A4BA72310,35
-609A0CB925,36
7589ED732,36
-68BF054E67,36
476895FA10,36
-56AC987F91,36
4E096B2147,36
-2A977E3770,36
4B24F1FD97,36
185340055,36
-207B57ED44,37
EC9C37C41,37
45D9083D98,37
-53C7309B17,37
7D0BB90151,37
714D289647,37
-7104408B62,37
5BDA48FC26,37
22C26E3910,37
-5162BFB533,37
21E5338E42,37
1FEAC91795,37
-1D9FF92280,37
338CDFAB21,38
7AD7AC0523,38
-549E2B6770,38
-5C426B7810,38
4A0C664394,38
-25B873E076,38
7D7DFB2D48,38
2C48F32855,38
39B657574,39
4EEE05AA41,39
546AA89282,39
746BB58522,39
-7C59897B45,39
8815FF165,39
521C584005,39
2C26DC3406,39
6DCB660572,39
3309BCF913,39
-442486287,39
1CB5FDBC34,39
-617ADB0838,40
4C6EBC8629,40
-3AD3CA3472,40
782467F644,40
-321CF3904,40
-156CC3AE21,40
-3EE78CC844,40
-37F2B09E84,40
-3469DB3320,40
-5491C1FE47,40
-3FEFF64643,41
-208EC07976,41
2A3BBEC745,41
424AE90A76,41
88BC0535,41
3D42825C82,41
4C935F6303,41
-55558A7E45,41
-4628085C21,41
11561C5282,41
1799B9EC02,42
-13F3FA1126,42
5097B5D883,42
-231ADC621,42
-76F960799,42
3EB3F0F890,42
4777DFB470,42
-719EECFE79,42
-61C1A06300,42
60A05B9526,42
-16EE04FB40,42
-31B07C7414,43
-2F93777586,43
-3116219F57,43
-656D223D26,43
-510A041521,43
51CBCEF375,43
12E3D48677,43
3A4A982F21,43
-2FF04A4037,43
-6BD8AAD409,43
63522A856,43
3BBAFA8394,43
-79EB6A4195,44
-16A279AF34,44
2F405AFE55,44
1FD2DA9452,44
29B53C3711,44
50C8831E14,44
-1255743858,44
164B5D7B61,44
475E73A348,44
-6D8CF01F92,44
15B110AA63,44
4E214EAD17,44
-75DF833522,44
4078B86448,44
-73225E9925,44
80BF33A38,45
-3C4959B545,45
659A2BDC96,45
-3745382E41,45
566D176050,45
4833BFE541,46
75EC615714,46
-185AA78C32,46
5308BBC014,46
-653FD9A85,46
2D3FD7A750,46
-42E1822992,46
-4BC0F61978,46
-556328FE13,46
67F2402065,46
31845D038,46
449BD1459,47
-6929FB1080,47
-16C7056121,47
-526FF53E32,47
-4E0299AB19,47
10CC0F9533,47
-35A6A8EB43,47
-2C2878B442,47
603FF4E304,48
-1A7865F880,48
-62AAD4BE96,48
729279EF34,49
348DB5C857,49
-7B55860929,49
3C1F888467,49
-6CF7D1744,50
-1374032789,50
353E738E19,50
1E5144DF13,50
3824722A49,50
-7C3DA93F89,50
232B6D3D73,50
29AB1CED21,51
-595F3F6C48,51
76A702B772,51
15F5790540,51
-36F82E938,51
-3A1428B311,51
-5CE6C1A568,51
B33CA515,51
-3B63ECC437,52
27EDB9F964,52
13DB41B931,52
-12091CE152,52
2E7B877333,52
-6B6CF0D11,52
389CAE2142,52
26FE78F290,52
4BA84ED296,53
-31B138EE62,53
319DFF6E23,53
3AE9B7B805,53
486A02CF50,53
-65DA1DF189,53
-727BCBA782,54
-4F7CAA0300,54
-73B1AEC188,54
745F89C06,54
7230007798,54
-443BAF981,54
-20EC28BF38,55
-B78D21559,55
687FD89732,55
477CBEA044,55
6CE8CB1130,55
-C41B22461,55
-69BF63C873,55
98B43502,55
6FFF841217,55
C58285C75,56
-5D0975FE29,56
-526C539696,56
-5DA5F6BD44,56
-26CA646392,56
70BA3B6021,56
-584E88DD48,56
-73C65D0E67,56
-1ED5F8D754,56
74BDCF4105,57
59EE73F242,57
-23B92DCD71,57
2275642222,57
524D0ABB61,57
2A22BF1F38,57
-A5E188705,57
-276AC0ED52,57
17CBD40791,57
6590DE807,58
604290A031,58
537A18E693,58
-6846320C06,58
-6739EE5059,58
3E6FCF4480,59
60EEC0C03,59
558C53C582,59
-34333D3473,59
26D2FA0E20,60
-5F2D13FD14,60
396FB39474,60
F42882793,60
7E2F773D19,60
-583E0A0C63,60
-4F5A00E412,60
6CD5916E26,60
4151049294,60
-3F1F105365,60
-1F76D01100,60
-3876BF4618,61
-4BC19FB200,61
-1EC89E3437,61
5BD69ADD20,61
-34E7A17F18,61
-5BEA003973,61
5ED758BC28,61
-380E361596,62
40DF5DB876,62
-6D99222222,62
-2179F9D949,62
-4BBA85F56,62
-C04999068,62
BDF26455,62
-A1665F916,62
-1653775A15,62
37FBC2C999,62
7AD3917D02,62
50B37A0C37,62
-245212FE06,62
6B8BD9C668,63
-6AB4DE9422,63
-60E7944A05,63
52115F588,63
-328E4C9A57,63
-ECD597799,63
744539C271,63
-56CD4CB046,63
-3DF6218D47,63
15AB22360,63
262A6E8E82,64
2C13731596,64
776627FB94,65
2977CD7823,65
863669209,65
-4ECB331388,65
-558D5C421,65
-1F054D6C73,65
3F8A30CA54,65
-ED26C2932,66
4D8A9B9A82,66
4495683883,66
-746B11099,66
4E7B817152,66
-5571F4FB39,66
1CF9A50384,66
1C0E1BD574,66
-541B991072,66
-1A4B9C0F51,66
-58ACEFA51,66
480224C453,67
-15777B8070,67
AFE07D148,67
735AB06554,67
-5F9AA14956,67
-1ACEC9B870,67
-6F0B98BC66,67
B82D0E055,67
7AA2063016,67
-2E123AB526,67
D83782951,67
72FC822E60,67
24844BEA15,67
41A73B905,68
-3F45A03425,68
-14BD4E2300,68
1E68512656,68
670B103742,68
2DBB780910,68
-3C5E49CC86,68
-7241820311,69
-572859C612,69
-20B64DA407,69
-47EEF87C03,69
-2F5E505746,69
-7744B34A60,69
-72D87ECA37,69
7FA05B9865,69
-41CB4C7F74,69
4F09D66271,70
6A74543A56,70
2E0E57F903,70
23F0D90D02,70
27F1F42989,71
-7BACEFF728,71
1CA9DE4A50,71
1C1A4C5875,71
-7906AD0365,71
-1E87FE8087,72
5235939806,72
42B0E7D298,72
3BC8F8A511,72
-76D6DA3768,72
4164CF2346,72
13A79DF44,72
72393A7816,73
305D91DE39,73
-32E9667793,73
-117121D616,74
2DC46B6361,74
-4BE732CF81,74
4BD7229D19,74
20023A2006,74
75DD743267,75
-4E1CEB0525,75
-74B2C08E58,75
1E74899358,75
63CAB79560,75
3B720C7496,75
281A501C42,75
573DFF2329,76
2E0FC2A608,76
-447F93AF76,76
-E7C410C20,76
-3708792207,76
-B07DAEE55,76
-1BF1413916,76
2E89100519,76
669114A578,77
-1F61836572,77
-22C3C8AC30,77
E6E90A459,77
-3F6BA0953,78
-B2BD12531,78
1C066C2965,78
373E34178,78
BB2B0E90,79
3AD3195A46,79
2798C5C388,79
35D0D50314,79
-31D2B00333,79
-3B658E8713,79
-1EEBE2E892,79
-2E42CACB58,79
-47AE462A73,79
-57DBC5E703,80
214D52BB11,80
-646A977C60,80
1C2CB56338,80
49095C3871,80
77DAE7C917,81
4039F62316,81
-C3C216502,81
-342CF83577,81
7A63FA0C38,81
4497EF0125,82
-2B0C446249,82
-179C78A265,82
26ABF45A95,82
-70C5EBF064,82
-3A22FC9A36,82
-9BE752719,82
-360BB29695,83
-4817BDCB07,83
-5919288779,83
-5C7ABE1B59,83
-7E65CA8F52,83
3B42F55F66,83
4DBEBF0481,84
20E5261F46,84
-731203BA49,84
3BB7A76C98,84
4FBFA3CD28,84
-7FDDC6A116,84
4B86C83953,85
-77AADFBE89,85
-1AC15A6484,85
-6EEFDB3534,85
64B85A2936,85
4D6532CC52,85
61CCC02780,85
216F784647,86
-2716D7C208,86
-6A0D6003,86
-542C915458,86
-79296F6081,86
470CCF7796,86
6A98CCC841,86
-28E3766C36,86
-4467586B30,86
13BCE87536,87
3B9E8CF916,87
1E80834394,87
305704AB65,87
-288A969769,88
-4823C74F69,88
-3F33FA0D04,88
-6CA5120368,88
58844F0360,88
1744D6000,89
-4CEDD69895,89
61AAA0C45,89
-272D588B42,89
14FB3AA42,89
-6098405726,90
3B412E1D48,90
-21DB390D85,90
-5CB86A5A20,90
520A50A784,90
404D140184,90
2D1DAF0F42,91
-67638C391,91
215908D152,91
6CFECE1D10,91
-26140E8754,91
-1DD9ACFB28,91
-46F4F98972,92
1C4BC4C487,92
-DF753C872,92
496FF20885,92
-71B8658615,92
64FCF03062,92
-39B0F14168,93
5BE4720074,93
67EDC0D676,93
4B7A430B40,93
1724569F45,94
600200F29,94
-634E2E2775,94
-36E8719702,94
-390A55321,94
-14D3EC8141,95
2A2A84B993,95
-220DA9A327,96
44AA6B3016,96
174057C008,96
-1951E9DD09,96
-5E34BCA469,96
-527D8DA444,96
232E48F481,96
747774C279,96
-1811DDBF51,97
-20DCC48A85,97
1654DE2346,97
-5FE3DA8C50,97
-6024EBA56,98
-4B0D257901,98
1228F34369,99
402F1AA228,99
-152F04D180,99
1BAA634971,99
5467101134,100
-26B1C93A85,100
7B7A280F73,100
77E8EC9820,100
58CC8D0F48,100
2DCD69B485,101
-BBB794856,101
-1888C01A46,101
-231CEA4B59,102
5259E52728,102
-2477F14576,102
-35C74D4800,102
-3AF48C6982,103
43A8533595,103
5978284F41,103
-5CA096A288,103
690399EB45,103
-6485588F25,103
-9BF687402,104
-19400E6384,104
-451633E115,104
160DA64549,104
26D4294E85,104
274A71E414,104
-1455E63B24,105
33E4F33200,105
1160FCB099,106
-28A065DD82,106
6F50375658,106
-7A5C0AED68,107
-40855F9194,107
5E4E811634,107
58F1866791,107
-55AEE4C052,107
51719A5F83,107
-784D201833,108
-28290A5232,108
-3C15E47E91,109
-188142A765,109
26335BCE89,109
-749310FE15,109
3804D22B40,110
7A7C3A7075,110
5D33CCB505,110
6175A4CA47,110
-62E12D9641,110
-27A2DCBD66,111
733E3DFE47,111
5A03B5A741,112
-6C06F8F873,112
661EA34D63,112
21A1C14A00,112
5EC30A5446,113
-6BB604C249,113
-7D02BCAD17,113
5A0A414D12,113
61D832A326,113
47CD912502,113
5E0109A33,114
15FE04D305,115
-35E7E7140,116
-7A1B682C90,116
72D6CE2C22,116
171B01D352,116
-9071C2A00,116
-473D818C91,117
-6079D43295,117
-446E635B70,118
-53D17D9178,118
-56CDA15B34,119
7A8D59B352,119
31242FFB05,119
-4F16907097,119
44BBBB2C14,119
1B33FB5B26,120
-5B89F13F11,120
1BC8CFBE28,120
7BB6408F33,120
207EE54A32,120
-50248F3A14,121
DB2A3AC58,121
4A01F82582,122
-6D21804051,122
16834D6F55,122
-7999795458,122
7DAA932083,122
6261106364,122
6D21160D34,122
1A3DFAE888,123
3DBAC77A91,123
5C38308C53,123
-4B6A43C856,123
643DAD1493,123
674BB17895,124
-64B1CF5A63,124
-3238FA4F15,124
-7CAC46B628,124
-64BCE1F156,125
50B5449E81,125
467DA03478,126
-1E3AA0FB72,126
-3235EDDF44,126
-7B3782F043,127
-686E449B04,127
13CF352821,127
-7DF091E132,128
-32D0038D99,128
617D564613,128
39F6624354,128
-59839A2210,128
63048F4B79,129
737051FF92,130
-3D1718B073,130
629002900,131
-1383827779,131
319D8CEB64,131
-5071AC3252,131
1E39C8DF29,131
-332DE69013,132
-2257FDC599,132
-160E6D5069,133
-26698B2E73,133
3757939B20,133
-28299C234,134
72E03F4359,134
1D9CB95241,134
22CCBE3C21,134
-603CE94A53,134
6FD54F3987,134
12F1AEB603,135
2DB7C20003,135
362B38C324,135
19E15D6301,135
-48F74D8C79,135
-612F8BAF84,136
-15CEF98C80,136
E7D771C20,136
63DC536F39,136
-79311DCF87,136
-22B55B1434,136
3607FBB626,137
EC4476E31,137
-3CEB62F908,137
E9747EF10,137
-6B195CC151,137
1C78FFF50,138
-7C320F7486,138
7B39F9A167,138
-487E87A446,138
2D9F9ADA38,138
421B2B5C06,138
62FD7AA161,138
36C0067940,139
1CA3B76647,139
-6FA51C8F96,139
6F12B5B696,140
-7EC2815293,140
-672F060877,141
A95575E53,141
-57B2C00B22,141
4FE8275286,141
-7A6552E73,142
2952E53197,143
703C590C29,144
4AC6AACB85,144
222C877429,144
4AF3E5FA00,144
-772D95F220,145
3C4029D438,145
351B9B4389,145
-6512B38609,145
63692551,146
-772BA8AB40,146
6DBC04E32,147
-4C68155F48,147
7F21970873,148
-E02C4C495,148
6F67ACF944,148
-52C8220381,148
4F1574BA09,148
-30ACC79330,148
7425909C46,149
-410513B730,150
31742AF19,151
7834B5304,151
113959DA38,151
4F5F951644,152
-7075561F70,152
5ED55A6491,152
-EAE520047,153
6546D7E975,153
74D6B11165,155
-2EBEA8AD47,155
-15500F7D66,155
81884655,156
-64A2C93A28,156
-7B30F91A57,156
45E6081B25,156
24D3A90452,157
-2BC3AF0309,157
-5A45BDD204,158
17D00FB785,158
-3FC1F3A683,158
76CCA73596,158
-B82E7A527,158
-7D25326013,159
43E2448E98,159
5794E6BA69,159
-9C8ABD15,159
2C83991109,159
-1BAC275B72,160
58C2C74D99,160
-14891CB544,160
7024B43D25,161
164AEC8505,161
50155DA472,162
-7ECFB6C616,162
3852B07A83,162
-26DBA48B96,162
-1F64C08E22,162
4EF75D8306,163
193513F055,163
-481E307654,163
4876A49895,163
-35741A7D48,163
224C1F8937,163
1999CA7D94,164
-46F25B0217,164
3EE1BFD237,164
5FD0F2ED29,164
-51671C4A20,164
-B04235865,164
-1216813E11,165
-22D0352281,165
-591BC0F478,165
-DB4B2E40,166
-3C38E28B13,166
5A69FCE687,166
-2A9FF0C777,167
A9479FF82,168
292E2DE646,168
-5EA500BB55,168
5DE704C033,168
-7937AFDF84,169
403FDD0D38,169
1B3CED7862,170
251FF87145,170
-79E8092636,170
643FB6C60,171
-7AFFC27831,171
-7821449F16,171
1A519E2A89,172
7394E07B23,172
-599C660496,172
1AC884548,172
4EA654EC87,173
20B166181,173
6D11439F15,173
-24350EBC88,173
-6E29C8D969,173
-4E9A78AE45,174
70FA459982,174
-505BD6D283,174
-66A50B768,175
-DAE6FF66,178
50B4DFDC13,178
54839D4316,179
-5D74A72036,179
-6FB4DA9C20,179
617F26F201,179
-46059F8764,179
-25B3FC8064,180
3673444634,180
7830162284,180
-5769EE5442,181
28187C6382,181
-338B6FBB56,181
69634C0D16,182
-49AC555690,182
-22FFC35417,183
-10B902A507,183
23F23C1360,183
370C333157,184
30B5F0E914,184
7AA98B8D36,185
4051DE8C15,185
1F0C0F0E91,185
-3BB1340B86,186
4F37796026,187
285765A377,187
5DE9696741,188
4AA1F50D37,188
-1D09FDAC92,189
-5D4A883520,189
-6DD1F40F82,189
7B6BDFF663,190
1578421A83,190
-5E8808AD49,190
7592656644,190
31166A7C10,191
-A83607094,191
3407919D93,191
-373D89BF35,191
29E2D0EE67,191
7AEB0BAD29,192
2B436C0E48,192
3892177764,193
502E6D2081,193
11B427D400,194
6850CFC901,194
79B9911982,195
-54FAB12E86,195
7CDA2DB465,196
-4A13348A25,196
39AEAC560,196
333FAFD285,196
-1FCD288A51,196
-39C0FFF213,196
1A58DCE042,197
70C06F0B54,197
7668A6C511,197
26070C0290,199
-FD1133554,199
72DC61A847,200
-657BAAA047,200
-63A994C500,201
4C71D1190,202
-6A8BACDC33,202
-2A38241003,203
CA3372898,203
-143E090C96,205
-757C1B4D46,206
6E68AC6525,206
-55A0C3E945,206
-19B28C3F93,206
-66D429AB90,207
-3629543D23,207
58DBCA0278,207
-72B8388298,208
2FE7F16119,208
-5BCA57B57,209
1942865141,209
-4073EA2352,210
1139B66F51,211
-4560F77900,211
-29B6C28637,211
64D2D14578,211
560FDAF604,212
-65D90AFC10,212
36AEE3E637,213
489E183504,214
58AA922389,214
-58933CFF21,215
-632C1A4052,215
1496E7C711,216
4AF0F76218,216
-1AE78F8000,216
-24AFC85569,216
-44BE222A37,217
-D6B24C149,217
6E593EB974,217
500E756988,218
4961B97389,219
-5D6A97AA24,219
69AAF97B44,219
-390191A401,219
-1451992A23,220
77338D1647,220
-408AF49A66,221
31861DF564,223
-6CFC99C920,223
1690278B34,224
-6053FCD182,224
3777E4DA54,225
112F458721,225
-5CCAEC6039,226
77C29CB161,226
-6CEE258410,226
-44DA0A5092,227
-9117D3E72,229
-65F539C998,229
41D3081B93,230
-6C86672103,230
-1AB53AF268,231
-2AACA2985,232
676E76E251,233
-7521095A09,234
3A19C1C274,235
-6ABADE7982,235
12EFA08A64,236
-4B63F3292,236
-75996B1368,237
40B6D72646,238
-56C7D53C81,239
71897FD373,240
-2B80ED0587,240
-2C3FC9D289,241
32D7CEBA16,241
49C2250240,242
64F01F7E53,242
-A7F6CE752,242
2BCCDDE92,243
BD1D64208,244
-A339CC456,244
402BDD3624,244
1250ABA057,246
76339F4F55,246
5F61688649,246
192A9FB899,246
7AC1159165,247
6392183198,248
1FC7B51C71,249
-2832622B67,250
16293CCD54,252
21D0BDE443,252
783FB79428,252
-2F2710A976,253
44DF113430,253
3851B54365,254
5A25D65548,255
-1995BED010,255
-1193E5C029,256
690477C93,256
9C82C0E13,257
161791C946,257
-5C77B7C544,257
7EBFACAE28,258
52876225,258
15CDD4AF10,258
22719E4513,258
7158CA4B45,258
-189388FD78,259
-6556000815,260
42EFF6D441,261
4CDE198414,261
76A9805998,261
70D8CED441,262
-309A5E8893,262
-252BD52094,263
-60F3F58683,264
7B4CFF304,265
13A9E3D540,265
7863BC7970,265
-ACB7ED410,267
44BD422463,267
4A26DE9C51,268
-3DFFFBBD21,268
-242E3F7C54,268
-77E335B112,270
644E452380,271
-103255C630,272
39ED9C0210,272
-21DF2C9627,272
-2B81F33396,273
66896CE370,273
-B8A16CA22,273
3F3FFF1A48,273
704B4B2536,274
3462D44977,275
2DE85E8D13,275
3569A26152,276
-1797225627,277
-557E58466,277
7942761B55,279
245E24D276,279
2A7BB1257,280
54FC5EE196,281
-2C217BC857,281
-C550CEF84,282
-1083AD921,282
374AAB7B96,284
4610BA6E87,284
2EFC3F6489,285
12EE101B11,286
6A936E9278,289
-19AEA0A050,289
76B5783977,289
73E09E343,291
-65C0D14561,291
5488119632,292
412FA3BB99,292
-7476EBA823,293
-1E7BA52E08,294
4A6B168161,294
490BC4F34,294
3A28EEE102,295
5A531DFB05,296
1E25793A32,296
-685323E624,297
769C91182,297
-C46684107,298
-6B81200129,301
1661C02926,301
-38C96FF54,302
-72E8B8C432,302
3BC04C3581,302
568F027807,302
-4D47870521,304
252EA1FC97,304
-76C61DE634,305
1F6CA32908,306
-5515369145,306
64D8C32673,307
-215D8F5C55,308
-2E727C361,311
-1A8C888490,313
-6B8E25F958,315
-72E663F138,316
1FBCC05D11,318
3FCB1B6F58,319
15900B8551,320
1F66E20134,320
55FEEC6C48,320
-590EECF213,324
-2BB33E3679,326
1F3D59CE54,327
BED9BB377,327
-4EED46FA11,329
-4069EECB51,329
60B169E46,329
EC80D4B40,330
7CB47FCC71,332
-7D3E5CA729,332
304C33DE96,333
-290C7C4817,334
F5271C073,337
1C8F047F51,338
-74E36FFC74,338
1BC6CF9634,339
C92081119,340
-5D9843CF53,340
-7B45D95D00,341
-1F7A347C33,341
-4E1BD50318,342
570C143458,343
4ABC8E8E67,344
75C6C95D66,346
-7B603F1863,346
-4CE5DE7528,349
5034B57C45,351
-9068B8C60,351
-5FE75FC39,352
-75F6C51229,352
41AD316479,352
-6CB3180F50,352
66D462B475,353
169FFE9328,353
-3CBA104F72,353
2C64044C27,354
-745CCE1424,354
196FEF2C05,355
-41D35D9D23,355
8BAFE2C59,356
4F962E7B22,356
-5D43B10B87,357
-27AB054900,358
-761DD5BD31,358
9769AC335,358
-2B4D844591,359
4325644980,359
-6B7DC07367,361
-ECABF8A69,361
7E52479E48,361
7E048BD30,362
-6D7FD88322,365
-6731076D68,365
-2C7451FE22,366
-3E5DEC7478,367
-114A3B3779,368
-12995A3C42,369
-69212E591,369
F6FFD3645,370
3550DFA654,370
4A204B4F33,370
7F8D202504,371
-6F50999F28,371
-4FA8E51E32,371
61E6812668,373
-2637A4D969,375
619BB42483,376
70CA3E8761,376
6FEDC93A07,377
-2A865EF447,379
CF2CCE557,379
2AD0CD0A84,379
-7618875B92,380
-1DDD72D819,380
210BF07365,381
-2A89A0FA68,383
5708DBA583,384
-2F3F5ECE48,384
-6AA53D2266,389
77247BFF09,389
-368404BE02,390
-1BAC595136,390
-5383736613,390
-5E87461945,390
-3312C5DB33,391
719B862F79,392
1CF02F5272,393
-7D41C46F02,393
-1ADF8F7334,394
3F072EFD65,396
5574BBBD08,397
2E6D021D26,398
-38E7C5C35,398
698F3D7445,399
55D671870,400
-66F32B022,401
-1CB7C61822,402
394A805C94,402
-602670AE64,403
-3153E38926,403
105AE01B03,404
64C31CF260,405
27691FD321,408
-23BC85C146,408
-53541F1440,409
3D32E3B456,410
-1BEE1D0B48,411
-183B39C651,411
1BF9885328,411
-53F6F94074,411
-74FF631956,411
1DC2562918,412
-372B1DA770,412
67D5828550,413
-7948E15906,413
670B50C465,414
E814CCD31,414
-6038850E13,414
6FC5B26118,414
14153C3950,414
-6782BE3796,415
-7CAA951F54,415
-3A335AC986,419
-1E79FB8133,421
-4AD3053768,422
-1AD6FD8B43,422
730EF32324,424
51FB5D6893,426
2D41F0CA62,427
-5F09A94461,428
-75657FB987,430
-36A4AF8527,432
-23F028A451,432
AC29D8441,433
7CE69EC489,434
-3594B26347,437
3E665CA040,437
1EBF4EAB42,438
-40F0D4E42,439
-7F3465AC24,439
-746CBC8A15,439
40220DFD71,440
-13814E8966,440
1DAAB15A14,441
16717FB671,441
1EE5D56566,442
-45A5791251,442
-2055BE2349,444
-5D7E61EB60,445
8AC1C4139,447
5960B74630,448
-5D00A07C33,449
-7BF69A3066,450
-4956A1C56,452
43E06F0581,452
-643BAF9372,453
6740566A64,454
-483FDB5132,454
-4EDEFBD493,456
3AEE433682,456
-907D86102,458
566AB13973,463
1F87F18A77,465
-523866A59,468
-4AF080D998,471
22FCD9FF73,471
-611938D547,471
-585E278522,471
-7C84470856,473
-16EEBB1886,474
-1C08AC309,475
-28420BCA68,475
2CD457F489,476
1F212B0142,477
127D6B190,478
-59E8AD8704,478
7C68D87887,479
-23C6BAF910,479
-6477230749,479
-704EC1902,481
CC7E06F04,481
-E62157466,481
11367E2330,482
56FA89128,483
-25508FBB17,484
706931F94,485
4C3B56D397,485
-40AB1D4D98,485
-5F9C511087,486
290C68917,487
2C8B575405,489
-2DE8AAE819,489
-16E764A442,491
-3A6A40EF97,493
-6FC93B9552,494
-E40B2CD18,496
-406FDBCF85,502
1B2E328C05,502
-39A5449539,505
3B257E9A25,505
-CAFECA911,506
7CF5614A59,510
-5F57B98982,510
-5AAE843363,510
-3721E53385,511
-5D3FFB0294,511
3897FE1E32,512
-69F9485A00,512
-6A7C149161,512
592261B167,513
1F3EF70437,514
7D5CEA6790,514
9F03CCD58,516
-247ED24020,520
26EF2F3830,520
A1C0D4F68,522
-3F175ED731,523
-36650E5833,523
5F94D76097,525
-4CED3FE97,525
-5C87469920,530
44BCC46777,535
6B74322D46,535
-49C52F3C31,542
3E5FED0259,543
-69C7B1D313,544
6F3369E741,545
7E1E6DE888,546
-1BAAED058,547
-47EE279432,547
6130089530,550
12EBE46713,551
316C9EC014,553
78DD36DA57,554
27026B915,558
-11870B5496,558
-512BA3F972,558
1F46B8C80,558
-7E0ED4F437,563
-30701CE853,564
2B0E3BC972,564
1E7D108494,567
-64D2CCD54,569
-475BC49F96,572
4B5C68C146,573
7B206ADB69,575
1B5899EE13,575
-28601B1766,576
-8032FE323,579
12B8B58746,581
-4D9134DE45,582
-21C9414804,582
-12051B5455,582
-737B673D72,584
4411329154,584
-23647A2424,586
752A489E81,586
-6DB547C826,586
-3D2F76A943,588
-28977BAA17,589
50C92FC464,593
-4511E24355,595
-2184693422,596
-108A9F28,596
19FEA23206,596
D4375DA91,598
2261CDA751,599
739D0DE418,600
52E386B877,600
17FEB28633,603
3CF9ABC833,604
28DB061271,605
42DEF25C39,606
427B064D97,610
7DF6970980,613
6637E38293,613
-1310E7BD56,617
-59C6463278,618
4FF815C895,619
1D530D8C76,620
-4F1DA34A36,621
7890E5ED95,627
-703B40D464,627
-37ED721043,630
3503E56368,631
-2E63F96953,631
3A2F0EC38,631
-382A422D60,632
-389BB9DB60,634
-40B4318C28,635
5576F5C539,635
5159FC3D65,636
2422FE1F64,639
3B7AC77B13,640
-772C98EB95,643
-3B57270973,647
32FFB39D69,648
-11D015AE54,651
-75F73CB01,653
-5E6E497E80,654
-6246164736,656
1AE51D3B90,657
520BDAFC93,658
76930CC75,660
6A27A1DB52,662
-6656A21C26,664
-C487C8724,664
-616C60A972,671
-5F4759CD35,672
2D121D2E46,675
-6EB4D3DA30,676
7920573D05,679
-6C8A171040,680
563FDDBE38,680
-575CF96D96,682
-5C06B77756,682
-2F9CB2B353,684
568DE30C44,688
3B5F3D6A50,693
-356F774128,695
711A9D8502,698
286B0EFF22,698
2F7E16D76,698
22DB62EA44,699
13DF8CFA73,713
-40BF1D2484,714
63C8B32379,714
466901FE13,716
-41A6F35609,716
24965DC00,719
-3D64666190,721
-5F702DB352,724
-20AFCE3290,726
60A2F40227,737
32EE37C579,739
-2C927C1645,740
-49742B8221,742
DCB080286,742
1340B8F585,743
3F56FD5D46,744
1246704E77,744
C5568AD57,745
-702848FB30,747
135868BB62,749
6733EA9E88,749
-5211676511,750
-19CF5E8B47,750
-35A0914886,751
-76D186F858,752
5E05FFC039,752
-47977B0351,753
1E1E7F5B89,756
19A691B899,763
10048C2F95,764
386306BF32,767
2299685D91,767
-580D250897,768
5A1CA9618,768
62937C1C93,770
231D208A88,775
17F6C24D01,776
2A9C15495,784
-20ACA8C737,784
-2CE5316729,784
-6CA52A714,786
15C8914422,787
-6F177AAE33,788
2DF5328F48,789
-34F7F78123,790
88264E241,792
-2A6A86A290,798
57FBC2E162,798
343B556507,798
-D869C8418,799
703F02CD01,803
2166C3A962,804
-738D5F0253,809
-1D8EF4AA82,809
47BE7F4D60,812
36BECC4202,813
-64E12A0938,817
-60C9575156,819
-3274D71F49,820
-A460F3923,820
4C31508425,820
3EF504AF68,821
361F0B4D95,824
-3494AEAE85,827
4A48CE9137,841
-2CAA647F46,843
-51BD8B0137,845
-350C703852,848
DB4F57292,853
B32363220,855
6054807B49,857
26D3343111,858
5497D2F02,858
71E4E67148,869
771C5B0D56,871
47E7FAB910,873
7A49057664,873
-309E149186,874
-70A8783833,874
-4680F5F297,878
2A5A48C461,884
-3199298624,884
-184B919899,885
7056E30945,889
5D12A43144,889
-EA5CB0F83,893
-52843F0C25,899
448CE76191,901
22E7E3CE70,902
545119CC84,904
46AA5DE961,908
1419E8EC34,908
2C90830190,912
29AEF25B78,919
280F940004,923
-241B2FE523,924
1E8EC1F234,929
-346DB8CE08,931
8C14E2236,933
-57E541F593,933
6FF914B790,933
-7486759F28,935
-7EE68A6A95,937
55612CDC50,938
101D3C0919,939
-5C24397688,942
-4DDB536A67,944
-309793E284,946
26F8BFB417,949
-2E85BD8259,950
2355507863,958
-56D1434616,958
2BD2EB1F49,960
4C5F194428,965
-1DBF19D760,969
734A50A901,978
-7519FFF766,981
-3CD432C042,984
-189409C720,988
10EBA31D00,990
-291E115E55,991
-67DE203B96,992
3B24121D63,993
71F1CA4785,1004
-4D74F7CA56,1004
-1350DDD884,1006
-21587DE707,1006
-23D149FC79,1006
-545D80BC93,1007
-648E5CFA57,1008
-4F2E9DD69,1011
11DF717208,1012
514F916F79,1014
4BD9DEFC11,1014
-6FD696CB27,1023
70449AE301,1024
1E411AB910,1026
2495617334,1030
1F6233D50,1030
2AFDCAB948,1036
-21D55BDD49,1038
4838277127,1041
-239BABCE39,1044
45F4619540,1049
-77FDB37A84,1050
4129537534,1057
-50B9E25465,1061
-712602D425,1062
5DE9F9C247,1064
6ECD810D65,1068
-31C56C8B55,1071
3DFD2AD80,1075
-4FA0B7F873,1078
-16B4F59B97,1078
1207309313,1078
-7E2D295B71,1083
6BF4647715,1084
341E7CFF17,1085
10E1F1C72,1088
-337A5E7C88,1090
-2B17C22542,1092
-253FE7D806,1092
BB8ADCB81,1094
-5080CB4D69,1097
314EBD1F61,1098
-332CEC9616,1098
71D9823C01,1099
77E36D180,1106
7AF0136823,1114
7BB0827431,1117
3ED1F8F72,1117
F11D8B909,1119
-7F9A744800,1125
-330BDEDD02,1127
-4D9ACB527,1132
-216B7F7A83,1133
3EB5009051,1134
8B50ABE61,1134
-7FF658A339,1135
679D151724,1136
-3E39F94A30,1136
-5040EBB353,1136
6DE24F9739,1146
-5C46E15891,1148
-153D0D908,1150
7478FF1788,1152
261FB3AF59,1158
41DA113B96,1160
-275ABAB964,1162
2D06512A59,1162
4CC9B1DE60,1165
-7F7EAD0726,1166
-215E4EE331,1177
-3979019008,1177
-5EC717088,1181
-34AC23459,1182
-2F83616D00,1184
-675AF8FC45,1185
-5B846F1765,1191
-6548569120,1194
303722E218,1196
19DB736C07,1199
-7B1376CB13,1209
3E8F419740,1213
-2B95381065,1214
-8E90FEA30,1215
-5FB0978E06,1218
7F2C75D987,1218
-6309047533,1221
-3E514F8894,1231
5091A7EF98,1233
24A1116F31,1233
491C81BD86,1233
-3819CB0328,1233
71B517B261,1234
620C78C201,1237
-6E69E11663,1238
-55BFCFF17,1244
-106D1FA185,1245
466A09FC61,1246
CD3AF8063,1250
-5668C0286,1252
52D65FDB87,1252
-64B641DD04,1265
40A4F07244,1267
-28C7A43435,1267
-4BAE4B4479,1269
-4A205F0721,1274
-272977E326,1275
-AFA9F6076,1277
C2107C307,1295
-577D0A6231,1302
2370CDC296,1307
-19E3695960,1307
-25720E6A75,1310
7790EBF215,1319
-4C73071160,1319
-66BEB8CA07,1333
-5F5B49854,1339
-72F018A206,1339
-16330D2067,1339
-3DFEDDD115,1340
-6C7C8E7E26,1343
-799BB35C27,1347
45AD7E6255,1357
5C377BFC02,1358
-6989E4AF71,1359
-5C89DF0619,1367
49D09D9117,1370
-5B60420D54,1374
-1C14AEBC51,1375
-316DA79566,1379
-7446CB0804,1392
5C763E3D34,1393
6F564D2944,1410
-1747BEDF62,1424
D63837F30,1426
404F76D835,1438
655D006715,1446
-62B2ED485,1455
-2706CE8192,1468
-117A2B1E19,1483
7354F41A09,1485
6829C84519,1485
-11D9F4346,1485
74480C5263,1488
7C9D121386,1493
4D2D3CBE14,1496
-370CC46365,1506
-3AAF6DAE67,1510
79108CB987,1522
-12901EB02,1522
-167D12B107,1522
340CA14288,1526
-2D33712844,1539
-1FE431C480,1541
1A10AEA856,1545
28B8E6F167,1555
-4466346568,1581
32B10B1383,1595
-33F336083,1596
412E037844,1601
-73C2FBB062,1601
-4D9A3C5605,1609
-485CF44419,1636
-42D81F5930,1637
-45A5F37F91,1643
3A9376AD71,1645
7149728D40,1647
-4C80DAE432,1656
-6A10E4FC51,1670
4148161572,1673
-7DC6632218,1675
-50882E3871,1693
5A1BD4E305,1708
-3443228380,1713
-5CE91FE292,1722
4190FF4741,1728
36889AAC64,1742
-469B3C9822,1745
229566704,1747
5329152C03,1754
-5FAAE02022,1768
7469D33575,1768
-4609CCF069,1770
-AF73C7574,1772
6392360945,1777
-6520FA1F68,1778
48D9DA8A83,1778
-71777AE119,1801
70B986D070,1808
-7B92BF8203,1818
5CBA8BCD36,1852
D1B890D37,1870
E180F0C02,1875
-708397DB58,1894
-3B23F08F53,1896
2BC8C3EB58,1922
3058EEA259,1927
7F0524A166,1929
45126D2D04,1946
-26BB454875,1949
FBBC26276,1963
-E50903226,1963
-4998DDF099,1963
-2055969154,1968
163E18C624,1969
-1716DEB867,1969
151AF7AC92,1973
6FDB1E6506,1980
-13090AA860,1987
3307088422,1990
2DD515616,2005
-606F4A4F43,2016
25B65CF312,2020
79F1EBA634,2039
-4807371023,2043
-A76AD5310,2044
-73EB646A79,2057
-2B2416DD96,2073
-7344408A84,2075
-19D3C7A458,2087
20E50A1756,2092
-6CFD902331,2134
6B90D68A89,2141
-29FE606357,2158
624C3C5495,2196
-49387D9B23,2205
-6986A95664,2213
6383C52115,2227
63EBE80322,2234
4AAF7BB82,2236
7D82F9C126,2272
6994DA6774,2276
343FEA5A88,2296
801567616,2297
-1C43144E00,2314
690383FD99,2315
-68D4405654,2320
-4497A31714,2323
4BAC2F7A80,2347
-6AD8686213,2349
4DF6FBB986,2356
1A8E09C858,2368
B0E6A9A73,2388
3731B1ED33,2398
4F6983A713,2415
58FE3AC122,2426
-577DDB4A02,2446
4819EDD536,2454
-53C475518,2470
-727B0BD094,2475
-305DE62392,2476
3BC52B2155,2491
3AFCFE546,2505
-785AD61352,2508
58E0AABE09,2510
-2EC3023506,2511
50129FC511,2518
5BAA64C34,2519
-3F068E2540,2554
-663ADDE880,2562
-7AF9226479,2565
-763CAB3E19,2568
-2D96877260,2571
-31F3B7A291,2575
712D8A6795,2590
305D99C840,2606
-554CC9AD18,2610
-3196C22216,2653
2B72CE6420,2654
317E618225,2656
2597846528,2658
6C3FE48982,2663
-7BB9836C16,2735
-88734D115,2741
41DD276583,2765
-29C1854F13,2791
E70823566,2806
46A6E3832,2815
6051612A46,2825
1DF4B3DE02,2840
738336F784,2875
3B1997CB63,2881
6744D57199,2896
330FBCDE53,2906
22C9505A50,2925
FF0BEE159,2933
6156D11992,2938
-B3AA68C87,2945
4F2E2C7E34,2945
-30C7F64C65,2965
7B8F77C817,2975
D975A2818,2976
-3800B56D81,2982
6C0C7BC978,2984
5341F88966,3003
-183CEC403,3028
6AD0616437,3033
25052F413,3039
-17DFEF8048,3082
-2DA2A20705,3107
594D5FCB79,3129
-7E10E32098,3189
2E413AC232,3193
-630AE06884,3227
1A3A8D0617,3231
58F5059D33,3236
ABAE11102,3248
-566D3AEC02,3254
-5B4E9A1690,3268
64EE62F054,3305
-A58B8D137,3309
B8EB7AF17,3311
1380E5E322,3323
-2A113F4109,3323
7BEFC22F95,3327
1B49581E54,3338
637EE46584,3371
-6B0AB33603,3372
-EB09A0C71,3380
59D30C408,3419
-28226ED805,3453
188723DD56,3461
-18F7657B84,3500
6763724F89,3501
-671A6DA952,3509
3C4B206355,3517
AC80D0E75,3521
-301054D870,3535
2F4776FF32,3571
-68DF9EA09,3595
7069E5D984,3612
190B7D7676,3613
-5C5EE5C902,3619
-EA6E72B46,3639
-40C663C430,3645
-6E3FEFD798,3656
1392C1A051,3674
-6189B54C65,3675
3234061E62,3682
-58266D2766,3685
BE0C36755,3689
1320D24F09,3693
-780023A04,3704
-1B1EBC4D44,3704
-4F4158F435,3716
-B31667149,3725
2FBF646557,3738
1D95161D74,3739
366E478213,3740
-3C91493025,3753
3A99897385,3777
-43A077DA07,3792
-4421F9307,3795
-E9EBE4F00,3799
-54C5D45765,3828
-70E2034201,3841
-615E3CC537,3856
-D8D7E1220,3886
76E37AD917,3898
-6291A15096,3905
4B3259AA64,3945
4D11983264,3953
-2961A58133,3953
-D97D73C93,3962
467CEBA427,3971
507EB63076,3979
4C06E66533,3988
-763B3BB453,3992
1B67934748,3994
326A608320,3995
-4E88A30B30,4031
-3E47462C38,4036
-69B938D06,4037
-23A2B1E108,4037
-4E0E4CB450,4065
5B7EB7A45,4071
F8104FE73,4073
439B9ED19,4078
D58322B57,4092
-78A53E9681,4093
72BC5A1D52,4094
-6FECBDC956,4099
704FA76064,4100
3B1FB58850,4102
-628B3B1C07,4102
-668489F161,4102
-474C215D97,4102
4555AB6899,4102
57187B8A24,4102
381262A727,4102
-24E3585748,4102
15EEDA7E95,4102
-158EE93985,4102
4A12228E39,4102
5394ADDA82,4102
2ADC685550,4102
17F0126551,4102
